country,life_expectancy,alcohol,hepatitisB,measles,bmi,polio,diphtheria,hiv,total_expenditure,gdp,thinness_till19
Afghanistan,58.193749999999994,0.014375000000000002,64.5625,2362.25,15.518749999999999,48.375,52.3125,0.10000000000000002,8.2525,340.01542546875004,16.58125
Albania,75.15624999999999,4.84875,98.0,53.375,49.06875,98.125,98.0625,0.10000000000000002,5.945625,2119.7266788750003,1.6187500000000001
Algeria,73.61874999999999,0.4066666666666668,78.0,1943.875,48.74375,91.75,91.875,0.10000000000000002,4.604,2847.8533923125,6.09375
Angola,49.01875,5.740666666666666,70.22222222222223,3561.3125,18.01875,46.125,47.6875,2.36875,3.9193333333333342,1975.1430451187498,6.1937500000000005
Antigua and Barbuda,75.05624999999999,7.949333333333333,98.26666666666667,0.0,38.425000000000004,96.9375,98.3125,0.12500000000000006,4.791333333333333,9759.305728124998,3.4250000000000003
Argentina,75.15624999999999,7.966666666666667,81.28571428571429,2.0,54.98125,93.375,92.375,0.10000000000000002,6.9126666666666665,6998.575103125,1.0749999999999997
Armenia,73.39999999999999,3.7026666666666666,87.5625,274.25,44.70625,89.125,87.375,0.10000000000000002,4.8613333333333335,1999.9863176500003,2.0375
Australia,81.81250000000001,10.155333333333333,93.4,103.9375,55.8625,86.75,86.875,0.10000000000000002,8.836666666666668,34637.565046874995,0.66875
Austria,81.48124999999999,12.235999999999999,81.0625,77.25,48.287500000000016,86.0,86.75,0.10000000000000002,4.715333333333334,33827.47630875,1.7312499999999995
Azerbaijan,70.73124999999999,0.9919999999999999,59.214285714285715,598.1875,43.84375000000001,75.8125,82.3125,0.10000000000000002,5.679333333333334,3302.9478069937504,2.9000000000000004
Bahamas,74.28750000000001,10.271333333333331,83.6,0.0,52.88125,95.0,95.75,0.11875000000000004,6.706,,2.5500000000000007
Bahrain,75.72500000000001,1.9346666666666663,98.125,6.6875,51.65625000000001,98.0,98.0625,0.10000000000000002,3.807333333333333,11191.247420625003,6.10625
Bangladesh,69.3,0.01,77.61538461538461,4649.9375,12.875,87.5,92.75,0.10000000000000002,2.8546666666666662,443.5614810250001,13.775
Barbados,74.35625,8.206666666666669,84.06666666666666,0.0,45.974999999999994,80.3125,89.9375,0.25625000000000003,6.122,12017.098529375,3.9562500000000003
Belarus,69.90625,13.497333333333332,88.9375,24.8125,54.74375,89.875,92.1875,0.10000000000000002,6.192000000000001,3811.5253479999997,2.2125
Belgium,80.68124999999999,11.042666666666666,74.5,81.5625,50.89375,97.75,97.3125,0.10000000000000002,5.962000000000001,16915.305999999997,0.8625000000000004
Belize,69.26875,6.252666666666668,94.75,0.0,37.67499999999999,95.5,95.1875,0.43125,5.039333333333333,3933.0121744999997,3.5562500000000004
Benin,57.568749999999994,1.0,62.57142857142857,1116.875,19.612499999999997,67.6875,67.9375,1.7062500000000005,4.636,561.167968,8.25
Bhutan,66.1625,0.2786666666666667,94.125,80.25,17.581249999999997,89.375,93.875,0.3562499999999999,5.346,1353.98694560625,17.21875
Bolivia (Plurinational State of),67.70625,3.212,82.875,7.625,44.81875,81.6875,87.375,0.15625,5.626,,1.3
Bosnia and Herzegovina,75.96875000000001,4.405333333333333,71.66666666666667,319.1875,48.9625,78.3125,78.5,0.10000000000000002,8.741999999999999,2245.0260235624996,2.78125
Botswana,56.05,4.67,87.3125,237.875,32.24375,96.1875,95.8125,16.525000000000002,5.510666666666666,4498.285431187499,7.4375
Brazil,73.38125,7.213333333333333,96.1875,95.375,47.0625,98.3125,97.9375,0.10000000000000002,8.019333333333332,6143.161793500001,3.05
Brunei Darussalam,76.48750000000001,0.3786666666666667,97.875,7.3125,29.71875,97.5,96.8125,0.10000000000000002,2.8200000000000003,19744.808101874998,6.199999999999999
Bulgaria,72.85,10.865333333333332,94.5,1530.3125,54.50000000000001,94.25,94.0,0.10000000000000002,7.236,4938.981821375001,2.1312499999999996
Burkina Faso,55.64374999999999,4.241333333333333,81.1,5091.75,15.499999999999998,69.0,77.3125,1.8375,6.037999999999999,410.3720343125,7.41875
Burundi,55.537499999999994,4.103333333333334,93.33333333333333,1349.5,15.312500000000002,86.625,85.75,3.0875000000000004,7.089333333333333,137.81532131875,8.01875
Cabo Verde,72.51875,3.448,80.64285714285714,0.125,24.375,84.375,79.0,0.53125,4.755333333333334,2023.54103925,8.012500000000001
Cambodia,64.34375,1.4860000000000002,79.6,1880.8125,15.362500000000004,74.1875,72.0625,1.0250000000000001,5.740666666666668,466.19687804999995,10.143749999999999
Cameroon,54.01875,4.141333333333334,76.81818181818181,2979.25,23.618750000000002,72.5,69.4375,6.212500000000001,4.719333333333334,781.0160044124999,6.550000000000001
Canada,81.6875,8.053333333333333,28.846153846153847,129.5,55.86249999999999,85.3125,91.0625,0.10000000000000002,7.052000000000001,29382.907523125003,0.50625
Central African Republic,48.51250000000001,1.2313333333333334,42.57142857142857,699.4375,17.0875,41.3125,42.4375,8.981250000000001,4.039333333333334,363.05590484999993,7.106250000000001
Chad,50.3875,0.41133333333333333,29.875,4687.75,16.318749999999998,32.875,26.8125,4.3375,4.379333333333333,484.7916940562499,7.14375
Chile,79.44999999999999,6.978,77.2,1.0625,55.5875,83.625,88.8125,0.10000000000000002,6.911333333333334,6202.344363562499,0.8875000000000001
China,74.2625,4.182000000000001,80.4375,65857.9375,21.80625,93.6875,93.3125,0.10000000000000002,4.918,2345.3031576875,4.6375
Colombia,73.28750000000001,4.419333333333333,79.0,9.5,49.54375,84.25,79.1875,0.10000000000000002,6.34,3321.6607483124994,2.3000000000000003
Comoros,61.581250000000004,0.13466666666666666,76.46153846153847,62.625,18.256249999999998,67.8125,66.9375,0.28124999999999994,4.832,630.38433406875,7.275
Congo,59.04375,2.1733333333333333,50.77777777777778,1021.625,20.925000000000004,52.4375,55.25,4.987499999999999,2.986666666666667,,8.4875
Cook Islands,,0.01,98.0,0.0,82.8,98.0,98.0,0.1,3.58,,0.1
Costa Rica,78.59374999999999,3.924666666666667,79.3125,0.1875,46.72499999999999,69.9375,79.75,0.10000000000000002,8.620000000000001,3957.22728625,1.9625
Croatia,76.11875,12.448000000000002,96.22222222222223,23.6875,52.356249999999996,95.5,95.375,0.10000000000000002,7.370666666666666,9056.7847190625,1.74375
Cuba,77.97500000000001,4.190666666666667,96.25,0.0,49.46249999999999,98.6875,93.9375,0.10000000000000002,6.428666666666667,3180.4348844375,3.4437499999999996
Cyprus,79.675,10.260666666666667,92.625,1.9375,53.16249999999999,98.0,98.0,0.10000000000000002,6.760000000000001,13898.88550125,0.9062500000000002
Czechia,76.76875,13.026000000000002,97.28571428571429,22.9375,55.71249999999999,98.0,98.125,0.10000000000000002,7.05,,1.9937500000000001
CÃ´te d'Ivoire,50.3875,2.8373333333333335,63.93333333333333,1708.25,21.324999999999996,65.9375,68.9375,4.6875,5.723333333333333,,6.7375
Democratic People's Republic of Korea,69.19375000000001,3.0000000000000004,88.84615384615384,222.5625,25.624999999999996,98.25,83.25,0.10000000000000002,,,5.437500000000001
Democratic Republic of the Congo,55.687499999999986,1.424,51.333333333333336,48922.6875,15.8375,55.625,41.875,1.8187499999999999,3.5586666666666673,,8.14375
Denmark,79.25625000000001,10.707999999999998,,15.75,55.824999999999996,88.0,88.0,0.10000000000000002,7.822666666666667,33067.407915625,1.1624999999999996
Djibouti,60.75625,0.7639999999999999,78.0,113.875,26.25,74.875,75.125,3.28125,7.070666666666667,897.9998706499999,5.84375
Dominica,,0.01,96.0,0.0,58.4,96.0,96.0,0.1,5.58,722.75665,2.7
Dominican Republic,72.34374999999999,6.030666666666666,65.125,23.0,48.14375000000001,75.625,83.1875,1.41875,4.681333333333334,3509.4991863125,3.46875
Ecuador,74.72500000000001,3.8073333333333332,78.0625,20.75,43.3125,78.75,89.1875,0.19374999999999998,5.879999999999999,2005.3524679375,1.3812500000000003
Egypt,71.5,0.18866666666666668,96.6875,1069.25,49.262499999999996,96.6875,96.6875,0.10000000000000002,5.346,,3.125
El Salvador,71.74375,2.6926666666666668,86.0625,0.125,45.324999999999996,82.25,87.1875,0.28750000000000003,7.103333333333334,2517.8346304375,1.80625
Equatorial Guinea,55.3125,7.341999999999999,9.0,294.5,17.85625,36.875,29.9375,5.1375,2.9293333333333327,7902.4107885625,6.65625
Eritrea,60.6875,0.608,86.42857142857143,175.0,15.15625,87.8125,82.25,1.2125,3.468666666666667,259.3953562916667,8.08125
Estonia,74.94375,9.014666666666665,86.83333333333333,3.5,56.68125,94.25,94.125,0.10000000000000002,5.687333333333333,8340.4329494375,2.075
Ethiopia,59.11250000000001,1.0746666666666667,64.11111111111111,3948.375,14.799999999999999,51.125,46.1875,2.7249999999999996,4.901333333333334,264.97094995000003,8.38125
Fiji,68.7125,1.462666666666667,98.875,50.0,50.562500000000014,97.125,91.6875,0.10000000000000002,3.8973333333333335,2947.6126888750005,4.093750000000001
Finland,80.7125,9.552666666666669,,2.8125,52.300000000000004,97.1875,98.25,0.10000000000000002,8.614,25268.649758125,0.9000000000000002
France,82.21875,12.40466666666667,51.25,2661.625,51.98125,98.25,98.0625,0.10000000000000002,6.555999999999999,26465.551380625,0.6249999999999998
Gabon,62.243750000000006,7.8773333333333335,57.63636363636363,349.8125,28.818749999999998,57.25,54.5,8.0,3.1753333333333327,5179.2561886250005,6.91875
Gambia,59.462500000000006,2.1346666666666665,95.375,41.25,20.300000000000004,92.75,88.5,2.34375,5.3086666666666655,,7.5875
Georgia,73.50625,5.623333333333334,77.25,1298.0,47.74375,81.1875,83.5,0.10000000000000002,7.3306666666666676,2158.2808692812496,2.75
Germany,81.175,11.628666666666668,77.4375,1497.1875,51.993750000000006,94.8125,89.875,0.10000000000000002,4.073333333333333,24337.749100000005,1.1187499999999997
Ghana,60.8625,1.2686666666666666,67.5,3419.75,21.724999999999998,78.9375,73.875,2.2875,4.328666666666667,834.3761008125001,7.65
Greece,81.21875,8.803333333333333,88.9375,24.875,58.681250000000006,91.4375,96.625,0.10000000000000002,9.038666666666668,16454.23587,0.8125000000000001
Grenada,73.29375,8.843333333333334,95.46666666666667,0.0,40.212500000000006,95.125,95.625,0.10000000000000002,6.188666666666667,6259.5172613125,3.91875
Guatemala,71.73125,2.268666666666667,87.0909090909091,0.0,40.44375,71.4375,85.5625,0.375,6.593999999999999,2365.83447375,1.3375000000000001
Guinea,56.0125,0.16466666666666666,58.666666666666664,1522.0,17.46875,52.4375,47.875,2.19375,4.009333333333333,279.46479789375,7.64375
Guinea-Bissau,55.36875,2.2600000000000002,75.0,331.3125,19.43125,74.75,65.25,4.818749999999999,5.870666666666668,384.2149305312501,7.500000000000001
Guyana,65.6375,7.406000000000001,88.2,0.0,36.38125,87.75,88.1875,1.0625,6.084,1783.8809370625002,5.681250000000002
Haiti,59.868750000000006,5.486,40.666666666666664,71.9375,39.275,53.8125,48.0,2.7375,6.183333333333334,434.36012815000004,4.24375
Honduras,72.99374999999999,3.0420000000000003,95.0625,0.0,39.74375,95.375,95.625,0.81875,8.147333333333332,1421.7880825000002,2.4000000000000004
Hungary,73.82499999999999,11.427333333333333,,2.0625,56.931250000000006,98.9375,99.0,0.10000000000000002,7.7686666666666655,8513.641831249997,1.9187500000000004
Iceland,82.44375000000001,7.466,,0.0,51.075,89.75,89.75,0.10000000000000002,8.546000000000001,30159.502907500006,0.9562500000000002
India,65.41874999999999,1.942,35.0,46454.1875,14.793750000000001,69.625,67.0625,0.2562499999999999,4.358666666666666,837.9200509125001,27.099999999999998
Indonesia,67.55625,0.0686666666666667,73.5625,16244.9375,19.956249999999997,62.1875,72.375,0.20000000000000007,2.663333333333333,1669.116783075,3.4187499999999997
Iran (Islamic Republic of),73.85624999999999,0.016,97.75,2828.25,48.63125,98.25,98.375,0.10000000000000002,6.290000000000001,,7.768750000000001
Iraq,70.35625,0.13466666666666666,64.875,3454.375,48.59375,55.625,65.75,0.10000000000000002,4.435833333333333,3542.5575372499993,5.3999999999999995
Ireland,80.15,12.654,86.83333333333333,174.5,53.6875,86.125,86.125,0.10000000000000002,7.7286666666666655,33835.272005,0.29999999999999993
Israel,81.3,2.497333333333334,97.4375,138.9375,54.98750000000001,94.25,89.0,0.10000000000000002,7.4786666666666655,18860.476015624998,1.14375
Italy,82.1875,8.266666666666667,95.5,1961.375,56.15,96.125,94.75,0.10000000000000002,8.777333333333333,21234.782370625006,0.5125
Jamaica,74.29375,3.6239999999999997,83.15384615384616,0.1875,45.425000000000004,89.625,89.3125,1.2375,5.144000000000001,2509.5464696249996,1.8812499999999996
Japan,82.5375,7.040666666666667,,6875.8125,25.606249999999996,96.0,96.25,0.10000000000000002,6.472666666666666,24892.544784375,1.8125
Jordan,72.9875,0.5173333333333333,97.0,26.5,52.999999999999986,97.125,97.0,0.10000000000000002,8.781333333333333,1822.6299256249997,3.8874999999999997
Kazakhstan,66.7625,6.641333333333333,97.3125,1246.9375,45.15624999999999,97.5,96.4375,0.10000000000000002,4.019333333333334,4040.586664374999,2.4375
Kenya,57.481249999999996,1.6019999999999999,74.57142857142857,2643.875,15.562500000000002,70.1875,70.5,8.7625,4.668666666666667,716.77006788125,8.4
Kiribati,65.14999999999999,0.4406666666666667,75.1875,0.0,69.43125,75.25,74.9375,0.10000000000000002,5.728,1175.29241553125,0.15625
Kuwait,73.84375000000001,0.021333333333333336,98.1875,15.375,59.60625,98.1875,98.5,0.10000000000000002,2.809333333333333,31914.378339374998,3.2812500000000013
Kyrgyzstan,69.08125,2.267333333333333,85.5625,1156.625,35.112500000000004,95.875,96.5625,0.11250000000000004,6.118666666666667,,3.3562499999999997
Lao People's Democratic Republic,62.38125,3.505333333333334,60.30769230769231,552.75,14.362500000000002,58.8125,61.5,0.20000000000000007,3.444,,6.275
Latvia,73.73125,8.864,88.9375,3.3125,51.306250000000006,95.0625,95.0,0.10000000000000002,6.331333333333334,7951.824896624999,2.4062499999999996
Lebanon,74.2,1.7853333333333339,70.5,295.1875,55.3375,71.25,70.5,0.10000000000000002,6.6706666666666665,4696.1923789375005,4.768750000000002
Lesotho,48.78124999999999,2.0866666666666664,73.23076923076923,266.6875,25.237499999999994,67.9375,79.4375,22.968749999999996,7.607333333333333,794.5230103125001,7.187499999999999
Liberia,57.525,3.2580000000000005,49.125,705.3125,19.987499999999997,59.4375,40.6875,2.28125,6.843999999999999,246.28174803125006,7.8375
Libya,72.48750000000001,0.01,96.3125,547.3125,54.83749999999999,96.5,96.5,0.10000000000000002,3.728,4598.161975416667,5.599999999999999
Lithuania,72.80624999999999,12.632666666666667,94.75,14.9375,49.231249999999996,88.8125,94.25,0.10000000000000002,6.5473333333333334,9007.4586225,2.9374999999999996
Luxembourg,80.78125,11.921999999999999,92.375,1.125,47.825,98.0625,98.9375,0.10000000000000002,7.5473333333333334,53257.012740624996,0.9500000000000001
Madagascar,62.74375,0.8200000000000001,63.357142857142854,9576.1875,14.76875,59.9375,61.25,0.525,4.710666666666667,314.04132958124995,7.8687499999999995
Malawi,49.893750000000004,0.9193333333333331,89.57142857142857,7559.4375,16.78125,89.0625,83.625,16.68125,6.658666666666666,237.50404201875,7.11875
Malaysia,73.75625000000001,0.49066666666666675,96.0,1453.125,29.168750000000003,96.375,96.4375,0.10000000000000002,3.7486666666666664,4904.9389918125,8.6125
Maldives,75.5375,1.4073333333333333,97.875,157.875,19.29375,97.875,97.875,0.10000000000000002,8.236666666666668,3818.2969615624997,14.19375
Mali,54.9375,0.438,67.15384615384616,823.3125,17.212500000000002,62.5,67.0,1.8249999999999997,6.522666666666667,530.5121700999999,7.075
Malta,80.36250000000001,7.130000000000001,80.53846153846153,2.1875,66.18125,89.4375,89.3125,0.10000000000000002,8.596666666666666,10114.797943125002,0.7499999999999999
Marshall Islands,,0.01,8.0,0.0,81.6,79.0,79.0,0.1,17.24,3617.7523539999997,0.1
Mauritania,62.8,0.013333333333333334,57.63636363636363,815.9375,22.475,63.0625,60.125,1.1875000000000004,3.935333333333334,635.04960900625,6.48125
Mauritius,72.7125,2.906666666666667,96.1875,54.3125,25.981249999999996,96.5,96.3125,0.10625000000000002,4.524666666666667,5299.579823624998,7.46875
Mexico,75.71874999999999,5.114,94.4375,11.0,51.41875,95.0625,95.0,0.10000000000000002,6.074,5179.33080675,1.7312499999999997
Micronesia (Federated States of),68.2,2.1453333333333333,75.4375,8.75,65.15,82.375,81.875,0.10000000000000002,11.056,,0.2125
Monaco,,0.01,99.0,0.0,,99.0,99.0,0.1,4.3,,
Mongolia,65.8875,2.3539999999999996,97.4375,2079.25,39.793749999999996,97.5625,97.375,0.10000000000000002,5.180666666666667,1984.6880227125002,2.2812499999999996
Montenegro,74.5,2.584285714285713,48.5,0.625,50.487500000000004,84.3,84.5,0.10000000000000002,7.419333333333335,4676.5142774999995,2.1375
Morocco,72.15624999999999,0.5186666666666667,87.25,2593.0,48.61875,96.9375,97.1875,0.10000000000000002,5.442666666666668,1936.3914383750002,6.456249999999999
Mozambique,53.393750000000004,1.2660000000000002,67.86666666666666,4735.0,16.14375,69.0,64.0625,11.3875,5.972666666666666,365.06823808125,3.80625
Myanmar,64.2,0.35133333333333333,65.46153846153847,914.5,17.125,70.6875,72.375,0.47500000000000003,2.0126666666666666,616.18435734375,13.131250000000001
Namibia,60.400000000000006,4.710666666666667,86.33333333333333,722.0625,28.224999999999998,78.5,83.5,13.64375,7.398666666666667,3042.6035070000003,10.699999999999998
Nauru,,0.01,87.0,0.0,87.3,87.0,87.0,0.1,4.65,136.18321,0.1
Nepal,66.48125,0.19,65.38461538461539,4663.5625,15.175000000000004,69.125,73.6875,0.15625,5.889333333333334,395.32846794375007,17.13125
Netherlands,81.13125,8.846666666666666,48.2,251.9375,53.96875,96.8125,96.8125,0.10000000000000002,7.141333333333334,34964.719796875,1.025
New Zealand,81.33749999999999,9.16625,70.1875,94.9375,56.62500000000001,89.125,70.625,0.10000000000000002,8.876000000000001,14775.554806874998,0.3124999999999999
Nicaragua,73.45,3.5966666666666667,91.875,0.0,42.68125,88.1875,91.875,0.22499999999999998,6.730666666666666,957.9039710624999,1.9687500000000002
Niger,56.98125,0.09133333333333335,60.57142857142857,15467.125,16.3625,52.9375,52.3125,1.1624999999999999,6.577333333333332,259.782440975,9.025
Nigeria,51.35625000000001,8.646666666666667,42.90909090909091,51653.9375,19.75,41.3125,39.3125,4.83125,3.7106666666666666,1360.1398774687502,10.418750000000001
Niue,,0.01,99.0,0.0,77.3,99.0,99.0,0.1,7.2,,0.1
Norway,81.79375,6.234375000000001,,6.3125,50.81249999999999,93.0625,87.9375,0.10000000000000002,9.086,27434.946928125,0.7625000000000003
Oman,74.84375,0.5346666666666667,98.8125,10.875,44.78125,98.5,98.75,0.10000000000000002,2.8766666666666665,7621.311126875001,7.024999999999999
Pakistan,64.5,0.026000000000000006,67.3076923076923,3842.3125,18.312499999999996,64.1875,70.875,0.10000000000000002,2.9039999999999995,666.11105159375,15.0875
Palau,,,99.0,0.0,83.3,99.0,99.0,0.1,9.27,1932.1223699999998,0.1
Panama,76.4875,6.212,78.66666666666667,0.25,49.312499999999986,84.6875,80.0,0.12500000000000003,7.722,5417.768890249999,2.0812500000000003
Papua New Guinea,61.68125,0.5806666666666666,57.0,2349.875,40.787499999999994,62.5625,68.375,1.16875,5.462666666666667,758.0976163466668,1.4062500000000002
Paraguay,73.1125,5.527333333333334,82.15384615384616,0.0,39.525,77.9375,89.625,0.1375,6.778666666666665,1983.4043354375003,2.1999999999999997
Peru,73.66250000000001,4.278666666666666,83.6923076923077,0.375,44.86875,82.8125,81.0,0.29374999999999996,4.926666666666667,2928.5435416249998,1.2187499999999998
Philippines,67.57499999999999,4.510666666666666,62.125,7144.6875,19.1875,78.1875,79.125,0.10000000000000002,3.9053333333333335,1397.1361066875002,1.0
Poland,75.65,9.99866666666667,97.375,47.4375,53.73125,96.75,98.75,0.10000000000000002,6.379333333333334,6792.5636004375,2.20625
Portugal,79.99375,12.211333333333334,87.625,7.25,43.631249999999994,96.5,97.0,0.10000000000000002,7.952666666666667,11598.625531249998,0.7187500000000001
Qatar,77.03125,1.0813333333333333,95.0625,96.25,65.65,95.875,89.6875,0.10000000000000002,2.6013333333333337,40748.44410437502,4.956249999999999
Republic of Korea,80.4875,8.855333333333334,95.125,3548.4375,23.243749999999995,91.25,96.0625,0.10000000000000002,5.912,,1.5375000000000005
Republic of Moldova,69.98124999999999,9.545333333333334,95.0,390.875,43.90625,94.9375,72.8125,0.10000000000000002,6.956666666666667,,3.025
Romania,74.05000000000001,8.968666666666667,91.8125,1365.6875,52.24999999999999,94.75,95.0,0.10000000000000002,5.278,4258.9400543125,3.1687499999999997
Russian Federation,67.76249999999999,11.127999999999998,92.33333333333333,1616.4375,53.31875000000001,97.5625,97.125,0.26249999999999996,6.223333333333333,6545.137358999999,2.4437499999999996
Rwanda,59.3125,5.635999999999999,96.0,505.875,14.749999999999998,88.5,89.375,4.425000000000001,6.350666666666666,300.01801709374996,6.6312500000000005
Saint Kitts and Nevis,,8.54,97.0,0.0,5.2,96.0,96.0,0.1,6.14,,3.7
Saint Lucia,73.6,11.511333333333335,89.28571428571429,0.0,39.59374999999999,84.875,83.8125,0.15,6.922666666666666,,4.35
Saint Vincent and the Grenadines,73.475,6.11,93.0,0.0,41.99375,97.875,98.3125,0.28125,4.816000000000002,,3.6625
Samoa,73.61875,2.7039999999999997,54.9375,0.5625,62.90625,57.25,62.9375,0.10000000000000002,5.325333333333333,2121.6206485000002,0.20000000000000004
San Marino,,0.01,69.0,0.0,,69.0,69.0,0.1,6.5,,
Sao Tome and Principe,65.1625,4.191333333333334,83.3076923076923,0.0,20.849999999999998,90.5625,95.125,0.96875,6.586,771.0348342533331,6.6375
Saudi Arabia,73.46875,0.07466666666666667,96.8125,759.3125,55.31250000000001,96.8125,96.875,0.10000000000000002,3.924666666666667,10689.052945812498,7.35625
Senegal,62.56875,0.30933333333333335,86.41666666666667,3248.75,18.443749999999998,75.4375,78.3125,0.53125,4.938,274.61116614375004,8.09375
Serbia,73.95625,8.682666666666668,90.75,73.8125,52.1375,94.625,93.3125,0.10000000000000002,6.198666666666668,3674.5424077625007,2.39375
Seychelles,72.37500000000001,6.201333333333333,98.6875,0.6875,28.40625,98.5,98.5,0.10000000000000002,3.802,6496.302397062499,5.906249999999998
Sierra Leone,46.1125,3.154666666666667,83.44444444444444,673.875,18.306249999999995,71.75,72.125,1.5187499999999998,9.218,271.50556128125004,7.68125
Singapore,81.47500000000001,1.7625000000000002,95.875,85.75,25.906249999999996,96.125,96.1875,0.10000000000000002,3.6880000000000006,32790.105906875004,2.1250000000000004
Slovakia,74.75,10.473333333333333,98.5625,0.25,51.81875000000001,98.4375,98.625,0.10000000000000002,7.3759999999999994,,1.3437500000000002
Slovenia,79.73125,10.754666666666669,,6.0625,52.199999999999996,95.1875,95.0,0.10000000000000002,8.855333333333334,11441.044377499999,1.7687499999999998
Solomon Islands,67.7125,0.8006666666666665,78.625,0.0,39.175,87.75,75.375,0.10000000000000002,6.267333333333334,801.9123831749998,1.24375
Somalia,53.31875,0.01,42.0,5494.0625,18.6875,29.8125,29.3125,0.8375000000000001,,297.47334513333334,7.268750000000001
South Africa,57.49999999999999,7.588666666666666,66.5,1506.0,38.150000000000006,65.3125,70.1875,18.493750000000002,8.306000000000001,4869.4270436874995,9.175
South Sudan,53.875,,31.0,315.75,,44.0,47.0,3.6937499999999996,2.7100000000000004,1092.233630625,
Spain,82.06875,10.024000000000001,92.5,449.875,58.668749999999996,96.75,96.75,0.10000000000000002,8.536666666666665,17093.459736875,0.5999999999999999
Sri Lanka,73.4,2.096,90.61538461538461,1420.4375,17.275,98.375,98.4375,0.10000000000000002,3.771333333333334,1040.110189675,15.325000000000003
Sudan,61.825,1.458,72.36363636363636,3108.0,,72.25,72.375,0.25000000000000006,5.695333333333335,1192.7979534312497,
Suriname,70.08125,4.984,85.27272727272727,0.0,50.15625000000001,78.25,82.5625,0.7625,6.662666666666667,4781.216821937499,3.5125
Swaziland,51.324999999999996,4.463333333333334,76.0,49.125,25.5,89.0,83.75,32.94375,7.308666666666666,2165.0908375000004,6.475
Sweden,82.51875,6.926666666666666,59.2,18.9375,56.24999999999999,98.3125,98.3125,0.10000000000000002,9.932666666666668,29334.990639375,1.3500000000000003
Switzerland,82.33125,10.337999999999997,,397.5,51.43749999999999,95.375,94.5625,0.10000000000000002,6.0873333333333335,57362.874601250005,0.5374999999999999
Syrian Arab Republic,70.85,0.8046666666666666,64.125,295.6875,47.31249999999999,64.8125,48.4375,0.10000000000000002,3.9466666666666663,1087.435773875,6.449999999999999
Tajikistan,66.65625,0.33066666666666666,84.42857142857143,208.1875,33.112500000000004,88.3125,89.25,0.2562499999999999,5.648,335.84172523125017,3.80625
Thailand,73.08125,6.131333333333332,97.0,4311.9375,21.593749999999996,98.3125,98.1875,0.3875,3.757333333333333,3494.781701625,8.54375
The former Yugoslav republic of Macedonia,74.1125,1.8586666666666667,83.54545454545455,74.75,52.90625,95.5,94.875,0.10000000000000002,7.535999999999999,,2.43125
Timor-Leste,64.75625,0.2353333333333333,76.0,85.0625,14.549999999999999,63.214285714285715,64.21428571428571,0.10000000000000002,1.646666666666667,551.7106493125001,10.524999999999999
Togo,56.66250000000001,0.9473333333333332,76.625,532.5,17.993750000000006,67.1875,74.3125,3.8625000000000003,5.243333333333334,317.20409206875007,7.86875
Tonga,72.53124999999999,1.1673333333333331,75.5,0.25,62.94375,76.875,70.3125,0.10000000000000002,5.2059999999999995,1981.5551861874999,0.10000000000000002
Trinidad and Tobago,71.06875,6.044666666666666,54.92857142857143,0.0,37.73125,76.4375,66.5,0.625,5.199333333333334,7741.748090062502,6.1375
Tunisia,74.35625000000002,1.3106666666666666,96.75,33.1875,48.25625,97.6875,97.6875,0.10000000000000002,6.052666666666667,3044.081488375,6.406249999999999
Turkey,73.9125,1.4213333333333331,87.0625,5272.9375,56.412499999999994,80.8125,80.75,0.10000000000000002,5.617999999999999,3983.9177217499996,5.0125
Turkmenistan,64.61874999999999,2.6546666666666665,97.28571428571429,15.125,38.11875,95.5625,96.375,0.10000000000000002,2.828666666666666,2511.6115398624997,3.3375
Tuvalu,,0.01,9.0,0.0,79.3,9.0,9.0,0.1,16.61,3542.13589,0.2
Uganda,55.70625,8.050666666666666,63.42857142857143,12394.625,15.525,65.4375,64.875,7.65,8.542000000000002,421.04849634374995,6.2625
Ukraine,69.9375,7.3693333333333335,54.625,5395.1875,50.893750000000004,81.4375,70.0,0.5375,6.777333333333333,1577.293328625,2.5749999999999997
United Arab Emirates,75.7,1.75,93.875,75.625,53.80625,95.0625,94.625,0.10000000000000002,3.0366666666666666,22110.366986250003,5.18125
United Kingdom of Great Britain and Northern Ireland,80.79375,11.13125,,715.75,55.3875,92.875,92.875,0.10000000000000002,8.533999999999999,,0.7499999999999998
United Republic of Tanzania,56.00625000000001,3.5826666666666664,73.5,3348.5625,17.318749999999998,83.375,74.6875,7.2749999999999995,4.701333333333334,,7.425000000000001
United States of America,78.06250000000001,8.579333333333333,81.375,130.625,58.449999999999996,82.125,95.125,0.10000000000000002,15.863333333333333,,0.7312500000000002
Uruguay,76.075,6.172666666666667,94.3125,0.0,52.925000000000004,94.25,89.125,0.10000000000000002,8.75,7192.5848745,1.5999999999999999
Uzbekistan,68.03125,1.608666666666667,95.64285714285714,208.4375,34.80624999999999,98.5625,98.4375,0.20625,5.638000000000001,651.0923589312499,3.14375
Vanuatu,71.38749999999999,0.8066666666666665,56.125,20.875,44.256249999999994,66.1875,59.0625,0.10000000000000002,3.9286666666666665,2000.2455181250002,1.56875
Venezuela (Bolivarian Republic of),73.3875,7.419999999999999,66.25,165.0,54.4875,74.6875,68.5,0.10000000000000002,4.998666666666666,,1.65
Viet Nam,74.775,3.087333333333334,87.53846153846153,4232.9375,11.187500000000002,94.9375,91.75,0.14375,5.977333333333334,,14.924999999999999
Yemen,63.862500000000004,0.04733333333333333,55.6875,2761.1875,33.487500000000004,67.125,72.625,0.10000000000000002,5.005333333333334,,13.83125
Zambia,53.90624999999999,2.2393333333333336,69.81818181818181,6563.8125,17.450000000000003,64.375,74.25,11.931249999999999,5.823999999999999,811.8118405187499,6.8812500000000005
Zimbabwe,50.48749999999999,4.482000000000001,70.5625,923.0,25.1375,75.625,75.1875,23.262500000000003,6.158666666666665,410.98019376875,7.012499999999999
